epoch,steps,cosine_pearson,cosine_spearman
1.0,12,-0.5023280870662461,-0.3036962494663696
